"Dataset","Trait","GeneticGroup","Year_Accession","meanGETGV","Nclones","stdErr","upperSE","lowerSE"
"AllGermplasm","BCHROMO","GS",2013,0.525071333456324,2404,0.105318671370919,0.630390004827244,0.419752662085405
"AllGermplasm","BCHROMO","GS",2014,-0.208273858672188,2154,0.0929917394004427,-0.115282119271745,-0.30126559807263
"AllGermplasm","BCHROMO","GS",2015,-0.229770904714247,841,0.140717940283688,-0.0890529644305593,-0.370488844997936
"AllGermplasm","BCHROMO","GS",2018,-0.812815640018992,2401,0.104488663146126,-0.708326976872866,-0.917304303165117
"AllGermplasm","BCHROMO","PreGS",1973,-2.65607873359746,5,0.244343685740192,-2.41173504785727,-2.90042241933765
"AllGermplasm","BCHROMO","PreGS",1974,-3.19623946355787,5,0.446924850978163,-2.74931461257971,-3.64316431453604
"AllGermplasm","BCHROMO","PreGS",1975,-4.08353641036096,1,NA,NA,NA
"AllGermplasm","BCHROMO","PreGS",1976,1.37919823351022,2,1.87404388506534,3.25324211857556,-0.494845651555122
"AllGermplasm","BCHROMO","PreGS",1977,2.00561858181944,3,4.21933304436532,6.22495162618476,-2.21371446254589
"AllGermplasm","BCHROMO","PreGS",1978,-2.48918144210355,2,0.581506677945875,-1.90767476415768,-3.07068812004943
"AllGermplasm","BCHROMO","PreGS",1981,-3.00613672670791,1,NA,NA,NA
"AllGermplasm","BCHROMO","PreGS",1982,-3.47780246670496,3,0.140977836312662,-3.33682463039229,-3.61878030301762
"AllGermplasm","BCHROMO","PreGS",1983,-1.03028312973586,1,NA,NA,NA
"AllGermplasm","BCHROMO","PreGS",1984,-2.93564116207038,2,0.488997635331555,-2.44664352673882,-3.42463879740193
"AllGermplasm","BCHROMO","PreGS",1985,-2.70383140877577,1,NA,NA,NA
"AllGermplasm","BCHROMO","PreGS",1987,5.26158061300044,2,6.73580155745226,11.9973821704527,-1.47422094445182
"AllGermplasm","BCHROMO","PreGS",1988,-2.99912651502292,3,1.0235050079228,-1.97562150710012,-4.02263152294572
"AllGermplasm","BCHROMO","PreGS",1989,0.220404616346967,3,3.69763413527468,3.91803875162164,-3.47722951892771
"AllGermplasm","BCHROMO","PreGS",1990,6.06036239749511,1,NA,NA,NA
"AllGermplasm","BCHROMO","PreGS",1991,-2.46941654138741,18,0.857099937498571,-1.61231660388884,-3.32651647888598
"AllGermplasm","BCHROMO","PreGS",1992,-3.17924619055365,24,0.443436806510316,-2.73580938404334,-3.62268299706397
"AllGermplasm","BCHROMO","PreGS",1993,-2.21227528466205,19,0.625091969333666,-1.58718331532839,-2.83736725399572
"AllGermplasm","BCHROMO","PreGS",1994,0.237423323845619,17,1.42860738392707,1.66603070777269,-1.19118406008145
"AllGermplasm","BCHROMO","PreGS",1995,-1.61073325042093,26,0.824056867186005,-0.786676383234925,-2.43479011760694
"AllGermplasm","BCHROMO","PreGS",1996,-0.279135972178186,50,0.676897743785562,0.397761771607376,-0.956033715963747
"AllGermplasm","BCHROMO","PreGS",1997,-0.880838800958081,41,0.724078470002999,-0.156760330955082,-1.60491727096108
"AllGermplasm","BCHROMO","PreGS",1998,0.550621549852283,28,1.0245161176398,1.57513766749209,-0.473894567787521
"AllGermplasm","BCHROMO","PreGS",1999,0.420959470716465,30,0.90478676517579,1.32574623589225,-0.483827294459325
"AllGermplasm","BCHROMO","PreGS",2000,-1.95909510564585,34,0.457656538855743,-1.5014385667901,-2.41675164450159
"AllGermplasm","BCHROMO","PreGS",2001,2.28496726993088,73,0.789776306670992,3.07474357660188,1.49519096325989
"AllGermplasm","BCHROMO","PreGS",2002,-1.76393408363119,24,0.680893733512668,-1.08304035011852,-2.44482781714386
"AllGermplasm","BCHROMO","PreGS",2003,-1.65731068159712,30,0.804075525663067,-0.853235155934053,-2.46138620726019
"AllGermplasm","BRLVLS","GS",2013,0.00610426664232834,2404,0.00780820337294769,0.013912470015276,-0.00170393673061935
"AllGermplasm","BRLVLS","GS",2014,0.0360815484251217,2154,0.00647989538887228,0.042561443813994,0.0296016530362494
"AllGermplasm","BRLVLS","GS",2015,0.101314159092374,841,0.00980431501126357,0.111118474103638,0.0915098440811107
"AllGermplasm","BRLVLS","GS",2018,-0.02578078173477,2401,0.00599589336633592,-0.0197848883684341,-0.0317766751011059
"AllGermplasm","BRLVLS","PreGS",1973,-0.143162143786313,5,0.0742420598330232,-0.0689200839532899,-0.217404203619336
"AllGermplasm","BRLVLS","PreGS",1974,-0.063227667305978,5,0.113752170939161,0.0505245036331826,-0.176979838245139
"AllGermplasm","BRLVLS","PreGS",1975,-0.208285790328965,1,NA,NA,NA
"AllGermplasm","BRLVLS","PreGS",1976,-0.0948647720397359,2,0.106576163582872,0.0117113915431362,-0.201440935622608
"AllGermplasm","BRLVLS","PreGS",1977,-0.189142117670531,3,0.168463457496096,-0.0206786601744353,-0.357605575166627
"AllGermplasm","BRLVLS","PreGS",1978,-0.323542893286243,2,0.100348700669027,-0.223194192617216,-0.423891593955271
"AllGermplasm","BRLVLS","PreGS",1981,-0.113049428031189,1,NA,NA,NA
"AllGermplasm","BRLVLS","PreGS",1982,-0.13293028665466,3,0.100665589967752,-0.0322646966869074,-0.233595876622412
"AllGermplasm","BRLVLS","PreGS",1983,0.0309489098111051,1,NA,NA,NA
"AllGermplasm","BRLVLS","PreGS",1984,-0.25350788390325,2,0.021120096516705,-0.232387787386545,-0.274627980419955
"AllGermplasm","BRLVLS","PreGS",1985,-0.222158024327112,1,NA,NA,NA
"AllGermplasm","BRLVLS","PreGS",1987,0.105477480652258,2,0.0220278683689907,0.127505349021249,0.0834496122832675
"AllGermplasm","BRLVLS","PreGS",1988,-0.225543307069074,3,0.110466082834418,-0.115077224234656,-0.336009389903492
"AllGermplasm","BRLVLS","PreGS",1989,-0.033938142325981,3,0.0786741557184378,0.0447360133924568,-0.112612298044419
"AllGermplasm","BRLVLS","PreGS",1990,-0.152429166633045,1,NA,NA,NA
"AllGermplasm","BRLVLS","PreGS",1991,-0.11842951119785,18,0.0207055928541813,-0.0977239183436689,-0.139135104052031
"AllGermplasm","BRLVLS","PreGS",1992,-0.156443947086896,24,0.0337063718252012,-0.122737575261694,-0.190150318912097
"AllGermplasm","BRLVLS","PreGS",1993,-0.213017202213698,19,0.0422960036263871,-0.170721198587311,-0.255313205840085
"AllGermplasm","BRLVLS","PreGS",1994,0.0046633164509195,17,0.048476698596228,0.0531400150471475,-0.0438133821453085
"AllGermplasm","BRLVLS","PreGS",1995,-0.0513016865640015,26,0.0436906371996526,-0.00761104936434888,-0.0949923237636541
"AllGermplasm","BRLVLS","PreGS",1996,-0.210804380770341,50,0.0292408059086393,-0.181563574861702,-0.240045186678981
"AllGermplasm","BRLVLS","PreGS",1997,-0.102442494622188,41,0.0340980545071454,-0.0683444401150431,-0.136540549129334
"AllGermplasm","BRLVLS","PreGS",1998,-0.0851193401771636,28,0.0326614211508343,-0.0524579190263292,-0.117780761327998
"AllGermplasm","BRLVLS","PreGS",1999,-0.0716256538895502,30,0.0381448418826339,-0.0334808120069164,-0.109770495772184
"AllGermplasm","BRLVLS","PreGS",2000,-0.297527991259629,34,0.0380295393368302,-0.259498451922799,-0.335557530596459
"AllGermplasm","BRLVLS","PreGS",2001,-0.00126235838097484,73,0.0378498323862791,0.0365874740053042,-0.0391121907672539
"AllGermplasm","BRLVLS","PreGS",2002,-0.0582949984242047,24,0.0521860632654571,-0.00610893515874752,-0.110481061689662
"AllGermplasm","BRLVLS","PreGS",2003,-0.118822905925872,30,0.0495635331012961,-0.0692593728245755,-0.168386439027168
"AllGermplasm","DM","GS",2013,-0.337647408675922,2404,0.0583271879721419,-0.27932022070378,-0.395974596648064
"AllGermplasm","DM","GS",2014,-0.00999360751836454,2154,0.0523609266429139,0.0423673191245494,-0.0623545341612785
"AllGermplasm","DM","GS",2015,-0.219359336648085,841,0.086499048577947,-0.132860288070138,-0.305858385226032
"AllGermplasm","DM","GS",2018,0.623555328789078,2401,0.0497434911851057,0.673298819974184,0.573811837603972
"AllGermplasm","DM","PreGS",1973,0.735033851078134,5,0.638118534148744,1.37315238522688,0.0969153169293899
"AllGermplasm","DM","PreGS",1974,1.01103144570026,5,0.551317764590395,1.56234921029066,0.459713681109867
"AllGermplasm","DM","PreGS",1975,-4.1357494532413,1,NA,NA,NA
"AllGermplasm","DM","PreGS",1976,0.0286979600955249,2,1.13376504988475,1.16246300998028,-1.10506708978923
"AllGermplasm","DM","PreGS",1977,1.61662172471503,3,1.25578427026112,2.87240599497615,0.360837454453914
"AllGermplasm","DM","PreGS",1978,2.05302385636785,2,1.75968025511968,3.81270411148753,0.293343601248176
"AllGermplasm","DM","PreGS",1981,-1.33944037524522,1,NA,NA,NA
"AllGermplasm","DM","PreGS",1982,-0.16605842904275,3,0.711550690359379,0.545492261316629,-0.877609119402129
"AllGermplasm","DM","PreGS",1983,0.141557924017883,1,NA,NA,NA
"AllGermplasm","DM","PreGS",1984,0.667760602753134,2,0.150595660385358,0.818356263138493,0.517164942367776
"AllGermplasm","DM","PreGS",1985,0.255252269570138,1,NA,NA,NA
"AllGermplasm","DM","PreGS",1987,0.0861143902710451,2,5.24272642350182,5.32884081377287,-5.15661203323078
"AllGermplasm","DM","PreGS",1988,-1.44378547776148,3,0.299254693516452,-1.14453078424503,-1.74304017127793
"AllGermplasm","DM","PreGS",1989,-0.264109510991361,3,0.971556634199204,0.707447123207843,-1.23566614519056
"AllGermplasm","DM","PreGS",1990,-1.01963364372749,1,NA,NA,NA
"AllGermplasm","DM","PreGS",1991,0.0813575355293724,18,0.597764361092436,0.679121896621809,-0.516406825563064
"AllGermplasm","DM","PreGS",1992,0.411956638735071,24,0.458021087736772,0.869977726471843,-0.0460644490017004
"AllGermplasm","DM","PreGS",1993,0.712287432410166,19,0.518287749838769,1.23057518224894,0.193999682571396
"AllGermplasm","DM","PreGS",1994,0.909908744794948,17,0.385267798866098,1.29517654366105,0.52464094592885
"AllGermplasm","DM","PreGS",1995,-0.139269155223787,26,0.463708090191194,0.324438934967407,-0.60297724541498
"AllGermplasm","DM","PreGS",1996,0.217754896011967,50,0.298425981718441,0.516180877730408,-0.0806710857064739
"AllGermplasm","DM","PreGS",1997,0.292258355954245,41,0.426552651722522,0.718811007676767,-0.134294295768276
"AllGermplasm","DM","PreGS",1998,-0.216920017509546,28,0.467832136669503,0.250912119159957,-0.684752154179049
"AllGermplasm","DM","PreGS",1999,-0.825626079975504,30,0.484689565991212,-0.340936513984292,-1.31031564596672
"AllGermplasm","DM","PreGS",2000,0.214786336960836,34,0.510657025433198,0.725443362394034,-0.295870688472362
"AllGermplasm","DM","PreGS",2001,-1.40328524405098,73,0.354886316701251,-1.04839892734972,-1.75817156075223
"AllGermplasm","DM","PreGS",2002,0.895065308442458,24,0.370245347653306,1.26531065609576,0.524819960789152
"AllGermplasm","DM","PreGS",2003,-0.636473184178106,30,0.602510976849585,-0.0339622073285205,-1.23898416102769
"AllGermplasm","HI","GS",2013,-0.0052218989455096,2404,0.000943667745563433,-0.00427823119994617,-0.00616556669107304
"AllGermplasm","HI","GS",2014,0.000871220495306502,2154,0.000959817347177107,0.00183103784248361,-8.85968518706049e-05
"AllGermplasm","HI","GS",2015,-0.000736277225935709,841,0.00151313071194114,0.000776853486005429,-0.00224940793787685
"AllGermplasm","HI","GS",2018,0.0105936536265461,2401,0.000900467791822135,0.0114941214183682,0.00969318583472395
"AllGermplasm","HI","PreGS",1973,-0.0104852950745013,5,0.0182194199207313,0.00773412484623005,-0.0287047149952326
"AllGermplasm","HI","PreGS",1974,0.0149503165920708,5,0.0193642954377219,0.0343146120297926,-0.00441397884565108
"AllGermplasm","HI","PreGS",1975,0.0280928256384961,1,NA,NA,NA
"AllGermplasm","HI","PreGS",1976,-0.00371628925304375,2,0.036671009788247,0.0329547205352033,-0.0403872990412908
"AllGermplasm","HI","PreGS",1977,0.0025378965170264,3,0.0334132615466494,0.0359511580636758,-0.030875365029623
"AllGermplasm","HI","PreGS",1978,-0.0078650100720172,2,0.0137197578100823,0.0058547477380651,-0.0215847678820995
"AllGermplasm","HI","PreGS",1981,0.0406107526402245,1,NA,NA,NA
"AllGermplasm","HI","PreGS",1982,-0.0013503093548168,3,0.0148258808678434,0.0134755715130266,-0.0161761902226602
"AllGermplasm","HI","PreGS",1983,-0.0188139748134486,1,NA,NA,NA
"AllGermplasm","HI","PreGS",1984,0.0208581403574056,2,0.0245317957477124,0.045389936105118,-0.00367365539030671
"AllGermplasm","HI","PreGS",1985,0.0483334907721486,1,NA,NA,NA
"AllGermplasm","HI","PreGS",1987,-0.0124501879631986,2,0.0112443382556473,-0.00120584970755132,-0.0236945262188459
"AllGermplasm","HI","PreGS",1988,0.0328972089823074,3,0.0331525261272517,0.0660497351095591,-0.000255317144944228
"AllGermplasm","HI","PreGS",1989,-0.00619420837795938,3,0.0262461081815148,0.0200518998035554,-0.0324403165594742
"AllGermplasm","HI","PreGS",1990,0.0296179901493016,1,NA,NA,NA
"AllGermplasm","HI","PreGS",1991,-0.00227113064898095,18,0.0101976076823823,0.0079264770334014,-0.0124687383313633
"AllGermplasm","HI","PreGS",1992,0.0137381793361458,24,0.00776115256812878,0.0214993319042746,0.00597702676801704
"AllGermplasm","HI","PreGS",1993,0.0101072345907463,19,0.00988451862306222,0.0199917532138086,0.00022271596768412
"AllGermplasm","HI","PreGS",1994,0.0103491627742939,17,0.00958603431702466,0.0199351970913186,0.000763128457269238
"AllGermplasm","HI","PreGS",1995,0.0201309695888978,26,0.00634378767461935,0.0264747572635172,0.0137871819142785
"AllGermplasm","HI","PreGS",1996,-0.00231385795649056,50,0.00624080617594596,0.0039269482194554,-0.00855466413243652
"AllGermplasm","HI","PreGS",1997,-0.00248977720818228,41,0.00546512292689355,0.00297534571871127,-0.00795490013507584
"AllGermplasm","HI","PreGS",1998,0.0102659668657798,28,0.00808890295194506,0.0183548698177249,0.00217706391383474
"AllGermplasm","HI","PreGS",1999,0.0146366738195476,30,0.00669325128354665,0.0213299251030943,0.00794342253600096
"AllGermplasm","HI","PreGS",2000,0.0389242877720619,34,0.00579174584418253,0.0447160336162444,0.0331325419278794
"AllGermplasm","HI","PreGS",2001,0.00237277497749923,73,0.00429753365300198,0.00667030863050121,-0.00192475867550275
"AllGermplasm","HI","PreGS",2002,0.0199062401325811,24,0.0100709735339032,0.0299772136664843,0.00983526659867795
"AllGermplasm","HI","PreGS",2003,0.0259197657552404,30,0.00841765879278569,0.0343374245480261,0.0175021069624547
"AllGermplasm","logDYLD","GS",2013,-0.0313016671631587,2404,0.00294061282598331,-0.0283610543371754,-0.034242279989142
"AllGermplasm","logDYLD","GS",2014,-0.00340951139239542,2154,0.00285289288949327,-0.00055661850290215,-0.00626240428188869
"AllGermplasm","logDYLD","GS",2015,-0.00216307776871512,841,0.00467899357153934,0.00251591580282422,-0.00684207134025447
"AllGermplasm","logDYLD","GS",2018,0.0538065164543794,2401,0.00250657540268339,0.0563130918570628,0.051299941051696
"AllGermplasm","logDYLD","PreGS",1973,0.0281049062757093,5,0.0624631567202682,0.0905680629959774,-0.0343582504445589
"AllGermplasm","logDYLD","PreGS",1974,0.0745499254149626,5,0.0764442631333889,0.150994188548351,-0.00189433771842629
"AllGermplasm","logDYLD","PreGS",1975,0.0648449557447844,1,NA,NA,NA
"AllGermplasm","logDYLD","PreGS",1976,-0.0885679893031569,2,0.0700632795095021,-0.0185047097936548,-0.158631268812659
"AllGermplasm","logDYLD","PreGS",1977,-0.072651763304267,3,0.102491972047817,0.0298402087435503,-0.175143735352084
"AllGermplasm","logDYLD","PreGS",1978,-0.0541592103039733,2,0.0002743197012335,-0.0538848906027398,-0.0544335300052068
"AllGermplasm","logDYLD","PreGS",1981,0.0995138001767122,1,NA,NA,NA
"AllGermplasm","logDYLD","PreGS",1982,0.142666773439722,3,0.00966741480830132,0.152334188248024,0.132999358631421
"AllGermplasm","logDYLD","PreGS",1983,0.0174531959726079,1,NA,NA,NA
"AllGermplasm","logDYLD","PreGS",1984,0.1245025211229,2,0.119272308529523,0.243774829652423,0.00523021259337762
"AllGermplasm","logDYLD","PreGS",1985,0.157564467212918,1,NA,NA,NA
"AllGermplasm","logDYLD","PreGS",1987,-0.0903565706610555,2,0.199432240480991,0.109075669819936,-0.289788811142047
"AllGermplasm","logDYLD","PreGS",1988,0.0220793174397889,3,0.124430234708839,0.146509552148628,-0.10235091726905
"AllGermplasm","logDYLD","PreGS",1989,-0.0611487389782052,3,0.0204601679156191,-0.0406885710625861,-0.0816089068938244
"AllGermplasm","logDYLD","PreGS",1990,0.0566079321853913,1,NA,NA,NA
"AllGermplasm","logDYLD","PreGS",1991,0.0375995209908749,18,0.0181331185810282,0.0557326395719031,0.0194664024098467
"AllGermplasm","logDYLD","PreGS",1992,0.0867015370251877,24,0.0231889990362052,0.109890536061393,0.0635125379889826
"AllGermplasm","logDYLD","PreGS",1993,0.0441728131967032,19,0.0308466503901652,0.0750194635868683,0.013326162806538
"AllGermplasm","logDYLD","PreGS",1994,0.0923271830264598,17,0.0340735281399643,0.126400711166424,0.0582536548864955
"AllGermplasm","logDYLD","PreGS",1995,0.0971730656265191,26,0.020294382190522,0.117467447817041,0.0768786834359971
"AllGermplasm","logDYLD","PreGS",1996,0.0624554938850867,50,0.0152223347326371,0.0776778286177238,0.0472331591524496
"AllGermplasm","logDYLD","PreGS",1997,0.0446017885535414,41,0.0161957794427581,0.0607975679962995,0.0284060091107833
"AllGermplasm","logDYLD","PreGS",1998,0.0448207951652298,28,0.0246876534577603,0.06950844862299,0.0201331417074695
"AllGermplasm","logDYLD","PreGS",1999,0.0786439835895144,30,0.0193817372170277,0.0980257208065421,0.0592622463724867
"AllGermplasm","logDYLD","PreGS",2000,0.0966966649127763,34,0.0174024987056696,0.114099163618446,0.0792941662071067
"AllGermplasm","logDYLD","PreGS",2001,0.00936338275173666,73,0.0174001826293573,0.026763565381094,-0.00803679987762065
"AllGermplasm","logDYLD","PreGS",2002,0.140056741885188,24,0.0178768458932481,0.157933587778437,0.12217989599194
"AllGermplasm","logDYLD","PreGS",2003,0.0374553689313117,30,0.0248198267831849,0.0622751957144966,0.0126355421481268
"AllGermplasm","logFYLD","GS",2013,-0.0243284552797881,2404,0.00379214212779895,-0.0205363131519891,-0.028120597407587
"AllGermplasm","logFYLD","GS",2014,-0.0311357237161986,2154,0.00371897039213582,-0.0274167533240628,-0.0348546941083344
"AllGermplasm","logFYLD","GS",2015,-0.0366884166903147,841,0.00653674101347696,-0.0301516756768377,-0.0432251577037916
"AllGermplasm","logFYLD","GS",2018,0.0544307141159192,2401,0.00327585565960935,0.0577065697755286,0.0511548584563099
"AllGermplasm","logFYLD","PreGS",1973,0.0177645436893074,5,0.112043072176825,0.129807615866133,-0.094278528487518
"AllGermplasm","logFYLD","PreGS",1974,0.125126488143161,5,0.082912757609067,0.208039245752228,0.042213730534094
"AllGermplasm","logFYLD","PreGS",1975,0.146080304054859,1,NA,NA,NA
"AllGermplasm","logFYLD","PreGS",1976,-0.0193025296689085,2,0.13820949951135,0.118906969842441,-0.157512029180258
"AllGermplasm","logFYLD","PreGS",1977,-0.0882009108826158,3,0.0479243206026141,-0.0402765902800017,-0.13612523148523
"AllGermplasm","logFYLD","PreGS",1978,-0.114586627238972,2,0.014512721384255,-0.100073905854717,-0.129099348623227
"AllGermplasm","logFYLD","PreGS",1981,0.215730100377654,1,NA,NA,NA
"AllGermplasm","logFYLD","PreGS",1982,0.210934015887174,3,0.0257408897502006,0.236674905637375,0.185193126136973
"AllGermplasm","logFYLD","PreGS",1983,0.109446648393495,1,NA,NA,NA
"AllGermplasm","logFYLD","PreGS",1984,0.191238553515053,2,0.107114027500752,0.298352581015805,0.0841245260143015
"AllGermplasm","logFYLD","PreGS",1985,0.160507731793917,1,NA,NA,NA
"AllGermplasm","logFYLD","PreGS",1987,-0.0835521840139535,2,0.149720323025612,0.0661681390116581,-0.233272507039565
"AllGermplasm","logFYLD","PreGS",1988,0.0922725706512063,3,0.170488278184475,0.262760848835681,-0.0782157075332685
"AllGermplasm","logFYLD","PreGS",1989,-0.0939487898024245,3,0.0331634345505452,-0.0607853552518793,-0.12711222435297
"AllGermplasm","logFYLD","PreGS",1990,0.102538785970394,1,NA,NA,NA
"AllGermplasm","logFYLD","PreGS",1991,0.1503067975508,18,0.0310449938901349,0.181351791440935,0.119261803660665
"AllGermplasm","logFYLD","PreGS",1992,0.17179007553632,24,0.0239846050670114,0.195774680603332,0.147805470469309
"AllGermplasm","logFYLD","PreGS",1993,0.0917446474137753,19,0.04556594730817,0.137310594721945,0.0461787001056053
"AllGermplasm","logFYLD","PreGS",1994,0.16501427249559,17,0.0451308233750346,0.210145095870624,0.119883449120555
"AllGermplasm","logFYLD","PreGS",1995,0.18524341907656,26,0.0270252864137328,0.212268705490293,0.158218132662827
"AllGermplasm","logFYLD","PreGS",1996,0.174178009381125,50,0.0187935741551083,0.192971583536234,0.155384435226017
"AllGermplasm","logFYLD","PreGS",1997,0.115587468178519,41,0.0231463611377651,0.138733829316284,0.0924411070407543
"AllGermplasm","logFYLD","PreGS",1998,0.174230296657151,28,0.0266809997899355,0.200911296447087,0.147549296867216
"AllGermplasm","logFYLD","PreGS",1999,0.205248037759512,30,0.0250297820917169,0.230277819851229,0.180218255667795
"AllGermplasm","logFYLD","PreGS",2000,0.227053644438121,34,0.0217399486851161,0.248793593123237,0.205313695753005
"AllGermplasm","logFYLD","PreGS",2001,0.124566808620938,73,0.0195785287152252,0.144145337336163,0.104988279905712
"AllGermplasm","logFYLD","PreGS",2002,0.223317540286399,24,0.0297532894787618,0.253070829765161,0.193564250807638
"AllGermplasm","logFYLD","PreGS",2003,0.140193053210136,30,0.031201288905302,0.171394342115438,0.108991764304834
"AllGermplasm","logTOPYLD","GS",2013,-0.00311807102151366,2404,0.00311911477672336,1.04375520969865e-06,-0.00623718579823702
"AllGermplasm","logTOPYLD","GS",2014,-0.0273871130252668,2154,0.0030274598680131,-0.0243596531572537,-0.0304145728932799
"AllGermplasm","logTOPYLD","GS",2015,-0.0196354068788961,841,0.00520636256412212,-0.014429044314774,-0.0248417694430183
"AllGermplasm","logTOPYLD","GS",2018,0.0163695036014083,2401,0.00281468906053651,0.0191841926619448,0.0135548145408718
"AllGermplasm","logTOPYLD","PreGS",1973,0.00410428993382059,5,0.0866649807897839,0.0907692707236045,-0.0825606908559633
"AllGermplasm","logTOPYLD","PreGS",1974,-0.0167955390795888,5,0.053277236881328,0.0364816978017393,-0.0700727759609168
"AllGermplasm","logTOPYLD","PreGS",1975,0.0885704551834744,1,NA,NA,NA
"AllGermplasm","logTOPYLD","PreGS",1976,-0.0111848799001414,2,0.0365409409388939,0.0253560610387525,-0.0477258208390353
"AllGermplasm","logTOPYLD","PreGS",1977,-0.121829814615016,3,0.0828597817071381,-0.0389700329078784,-0.204689596322155
"AllGermplasm","logTOPYLD","PreGS",1978,-0.0535502727796767,2,0.0232890585398686,-0.0302612142398081,-0.0768393313195453
"AllGermplasm","logTOPYLD","PreGS",1981,0.0917133882691729,1,NA,NA,NA
"AllGermplasm","logTOPYLD","PreGS",1982,0.185432898662404,3,0.0164422231348501,0.201875121797254,0.168990675527554
"AllGermplasm","logTOPYLD","PreGS",1983,0.0901186524600609,1,NA,NA,NA
"AllGermplasm","logTOPYLD","PreGS",1984,0.0348455287020309,2,0.0241117677064984,0.0589572964085293,0.0107337609955324
"AllGermplasm","logTOPYLD","PreGS",1985,-0.0432344167891731,1,NA,NA,NA
"AllGermplasm","logTOPYLD","PreGS",1987,-0.108928118532206,2,0.156578152762987,0.0476500342307808,-0.265506271295193
"AllGermplasm","logTOPYLD","PreGS",1988,-0.0270497131401047,3,0.0685465331390301,0.0414968199989254,-0.0955962462791348
"AllGermplasm","logTOPYLD","PreGS",1989,-0.110130790486105,3,0.0782304219563699,-0.0319003685297351,-0.188361212442475
"AllGermplasm","logTOPYLD","PreGS",1990,-0.0254120033143491,1,NA,NA,NA
"AllGermplasm","logTOPYLD","PreGS",1991,0.117327208819283,18,0.0438709972182947,0.161198206037578,0.0734562116009886
"AllGermplasm","logTOPYLD","PreGS",1992,0.0996665868361321,24,0.0227089699136753,0.122375556749807,0.0769576169224568
"AllGermplasm","logTOPYLD","PreGS",1993,0.00147281459085072,19,0.0210325126446024,0.0225053272354531,-0.0195596980537517
"AllGermplasm","logTOPYLD","PreGS",1994,0.0985516094332328,17,0.0301656279052357,0.128717237338468,0.068385981527997
"AllGermplasm","logTOPYLD","PreGS",1995,0.0945457592507476,26,0.0305805847049279,0.125126343955676,0.0639651745458197
"AllGermplasm","logTOPYLD","PreGS",1996,0.151383042087009,50,0.0172541336229253,0.168637175709934,0.134128908464083
"AllGermplasm","logTOPYLD","PreGS",1997,0.0986495125530679,41,0.016601345582086,0.115250858135154,0.0820481669709819
"AllGermplasm","logTOPYLD","PreGS",1998,0.0793918266541598,28,0.0214874714486238,0.100879298102784,0.057904355205536
"AllGermplasm","logTOPYLD","PreGS",1999,0.115833209701835,30,0.0166045861977946,0.13243779589963,0.0992286235040403
"AllGermplasm","logTOPYLD","PreGS",2000,0.0478369154449735,34,0.022249581544511,0.0700864969894844,0.0255873339004625
"AllGermplasm","logTOPYLD","PreGS",2001,0.0982629806935269,73,0.0165479194376778,0.114810900131205,0.0817150612558492
"AllGermplasm","logTOPYLD","PreGS",2002,0.115363839172452,24,0.0267104858759087,0.142074325048361,0.0886533532965433
"AllGermplasm","logTOPYLD","PreGS",2003,0.0321382511169622,30,0.0244512855821846,0.0565895366991469,0.00768696553477759
"AllGermplasm","MCMDS","GS",2013,0.113977944110659,2404,0.0103662254007286,0.124344169511388,0.103611718709931
"AllGermplasm","MCMDS","GS",2014,-0.0188886804097022,2154,0.00923186379655403,-0.00965681661314815,-0.0281205442062562
"AllGermplasm","MCMDS","GS",2015,-0.0541144563588653,841,0.0147198990186968,-0.0393945573401684,-0.0688343553775621
"AllGermplasm","MCMDS","GS",2018,-0.0976143982181665,2401,0.00723969788731395,-0.0903747003308525,-0.10485409610548
"AllGermplasm","MCMDS","PreGS",1973,0.575837886582628,5,0.206197114535549,0.782035001118176,0.369640772047079
"AllGermplasm","MCMDS","PreGS",1974,0.621139235968796,5,0.0918977128828585,0.713036948851655,0.529241523085938
"AllGermplasm","MCMDS","PreGS",1975,0.470481508366993,1,NA,NA,NA
"AllGermplasm","MCMDS","PreGS",1976,0.439542829387086,2,0.0717208663429665,0.511263695730052,0.367821963044119
"AllGermplasm","MCMDS","PreGS",1977,0.644254622757169,3,0.10619463230384,0.750449255061008,0.538059990453329
"AllGermplasm","MCMDS","PreGS",1978,-0.1630933371731,2,0.264067056948097,0.100973719774997,-0.427160394121197
"AllGermplasm","MCMDS","PreGS",1981,0.278141178884568,1,NA,NA,NA
"AllGermplasm","MCMDS","PreGS",1982,0.206863675087004,3,0.0642339888594946,0.271097663946499,0.14262968622751
"AllGermplasm","MCMDS","PreGS",1983,0.242716878001302,1,NA,NA,NA
"AllGermplasm","MCMDS","PreGS",1984,0.596982434745942,2,0.202015908952832,0.798998343698774,0.39496652579311
"AllGermplasm","MCMDS","PreGS",1985,0.737001871474458,1,NA,NA,NA
"AllGermplasm","MCMDS","PreGS",1987,0.412233984717541,2,0.152959824893326,0.565193809610868,0.259274159824215
"AllGermplasm","MCMDS","PreGS",1988,0.354211127100601,3,0.265479699038499,0.6196908261391,0.0887314280621023
"AllGermplasm","MCMDS","PreGS",1989,0.585796413119358,3,0.175833612722271,0.761630025841629,0.409962800397087
"AllGermplasm","MCMDS","PreGS",1990,0.0354800799663458,1,NA,NA,NA
"AllGermplasm","MCMDS","PreGS",1991,0.32518896788792,18,0.084575606470907,0.409764574358827,0.240613361417013
"AllGermplasm","MCMDS","PreGS",1992,-0.0613525632886506,24,0.0630118485023859,0.0016592852137353,-0.124364411791037
"AllGermplasm","MCMDS","PreGS",1993,0.151663393323073,19,0.0892275682218527,0.240890961544926,0.0624358251012202
"AllGermplasm","MCMDS","PreGS",1994,-0.0317795355294937,17,0.0932303107258431,0.0614507751963493,-0.125009846255337
"AllGermplasm","MCMDS","PreGS",1995,-0.21334211227695,26,0.073588701045071,-0.139753411231879,-0.286930813322021
"AllGermplasm","MCMDS","PreGS",1996,-0.216041992764579,50,0.0422724460768255,-0.173769546687754,-0.258314438841405
"AllGermplasm","MCMDS","PreGS",1997,-0.198492472501257,41,0.0570347941606341,-0.141457678340623,-0.255527266661891
"AllGermplasm","MCMDS","PreGS",1998,0.0711771301764196,28,0.0857979412523764,0.156975071428796,-0.0146208110759568
"AllGermplasm","MCMDS","PreGS",1999,-0.0289375895565892,30,0.0622003815953571,0.0332627920387679,-0.0911379711519463
"AllGermplasm","MCMDS","PreGS",2000,-0.253927901198237,34,0.0550266883472048,-0.198901212851032,-0.308954589545441
"AllGermplasm","MCMDS","PreGS",2001,-0.170342144480487,73,0.0477367770358933,-0.122605367444594,-0.21807892151638
"AllGermplasm","MCMDS","PreGS",2002,-0.215378100191072,24,0.0445255335410782,-0.170852566649994,-0.259903633732151
"AllGermplasm","MCMDS","PreGS",2003,0.156992623349431,30,0.0883532732681572,0.245345896617588,0.0686393500812735
"WhiteRootClones","BCHROMO","GS",2013,-2.96113741860566,1528,0.0420435144121574,-2.91909390419351,-3.00318093301782
"WhiteRootClones","BCHROMO","GS",2014,-2.74724349657732,1516,0.0377767903286961,-2.70946670624863,-2.78502028690602
"WhiteRootClones","BCHROMO","GS",2015,-2.59241826955823,589,0.061529272428214,-2.53088899713001,-2.65394754198644
"WhiteRootClones","BCHROMO","GS",2018,-2.98710738580452,1935,0.0349278155777713,-2.95217957022674,-3.02203520138229
"WhiteRootClones","BCHROMO","PreGS",1973,-2.65607873359746,5,0.244343685740192,-2.41173504785727,-2.90042241933765
"WhiteRootClones","BCHROMO","PreGS",1974,-3.19623946355787,5,0.446924850978163,-2.74931461257971,-3.64316431453604
"WhiteRootClones","BCHROMO","PreGS",1975,-4.08353641036096,1,NA,NA,NA
"WhiteRootClones","BCHROMO","PreGS",1976,-0.494845651555122,1,NA,NA,NA
"WhiteRootClones","BCHROMO","PreGS",1977,-2.20884615789969,2,0.350962805453595,-1.8578833524461,-2.55980896335329
"WhiteRootClones","BCHROMO","PreGS",1978,-2.48918144210355,2,0.581506677945875,-1.90767476415768,-3.07068812004943
"WhiteRootClones","BCHROMO","PreGS",1981,-3.00613672670791,1,NA,NA,NA
"WhiteRootClones","BCHROMO","PreGS",1982,-3.47780246670496,3,0.140977836312662,-3.33682463039229,-3.61878030301762
"WhiteRootClones","BCHROMO","PreGS",1983,-1.03028312973586,1,NA,NA,NA
"WhiteRootClones","BCHROMO","PreGS",1984,-2.93564116207038,2,0.488997635331555,-2.44664352673882,-3.42463879740193
"WhiteRootClones","BCHROMO","PreGS",1985,-2.70383140877577,1,NA,NA,NA
"WhiteRootClones","BCHROMO","PreGS",1987,-1.47422094445182,1,NA,NA,NA
"WhiteRootClones","BCHROMO","PreGS",1988,-2.99912651502292,3,1.0235050079228,-1.97562150710012,-4.02263152294572
"WhiteRootClones","BCHROMO","PreGS",1989,-3.47685771891978,2,0.0908199741201998,-3.38603774479958,-3.56767769303998
"WhiteRootClones","BCHROMO","PreGS",1991,-3.65999986733252,16,0.29348044468812,-3.3665194226444,-3.95348031202064
"WhiteRootClones","BCHROMO","PreGS",1992,-3.59259380760674,23,0.167700866299936,-3.4248929413068,-3.76029467390667
"WhiteRootClones","BCHROMO","PreGS",1993,-3.2581361533722,16,0.236889538291079,-3.02124661508112,-3.49502569166328
"WhiteRootClones","BCHROMO","PreGS",1994,-3.14989744372642,12,0.419218301248804,-2.73067914247762,-3.56911574497522
"WhiteRootClones","BCHROMO","PreGS",1995,-3.0032850225328,23,0.325947437885062,-2.67733758464774,-3.32923246041786
"WhiteRootClones","BCHROMO","PreGS",1996,-3.40120362175195,34,0.208588847819598,-3.19261477393235,-3.60979246957154
"WhiteRootClones","BCHROMO","PreGS",1997,-3.13085601965193,32,0.249274327716091,-2.88158169193583,-3.38013034736802
"WhiteRootClones","BCHROMO","PreGS",1998,-2.88451171563817,19,0.382905372313828,-2.50160634332434,-3.267417087952
"WhiteRootClones","BCHROMO","PreGS",1999,-2.23753768099387,22,0.312546952340871,-1.92499072865299,-2.55008463333474
"WhiteRootClones","BCHROMO","PreGS",2000,-2.7098584735285,31,0.180380001036668,-2.52947847249183,-2.89023847456516
"WhiteRootClones","BCHROMO","PreGS",2001,-2.88058571466908,42,0.223427054909095,-2.65715865975999,-3.10401276957818
"WhiteRootClones","BCHROMO","PreGS",2002,-2.88125180879887,21,0.313877779256957,-2.56737402954192,-3.19512958805583
"WhiteRootClones","BCHROMO","PreGS",2003,-3.4620585328059,25,0.187129222290863,-3.27492931051504,-3.64918775509676
"WhiteRootClones","BRLVLS","GS",2013,-0.132841573759609,1528,0.00811079698621061,-0.124730776773398,-0.14095237074582
"WhiteRootClones","BRLVLS","GS",2014,-0.039654100189683,1516,0.00745317305602373,-0.0322009271336593,-0.0471072732457067
"WhiteRootClones","BRLVLS","GS",2015,0.0523213450479698,589,0.0110215091421895,0.0633428541901593,0.0412998359057804
"WhiteRootClones","BRLVLS","GS",2018,-0.0653367028276324,1935,0.00661509137113887,-0.0587216114564935,-0.0719517941987713
"WhiteRootClones","BRLVLS","PreGS",1973,-0.143162143786313,5,0.0742420598330232,-0.0689200839532899,-0.217404203619336
"WhiteRootClones","BRLVLS","PreGS",1974,-0.063227667305978,5,0.113752170939161,0.0505245036331826,-0.176979838245139
"WhiteRootClones","BRLVLS","PreGS",1975,-0.208285790328965,1,NA,NA,NA
"WhiteRootClones","BRLVLS","PreGS",1976,-0.201440935622608,1,NA,NA,NA
"WhiteRootClones","BRLVLS","PreGS",1977,-0.353718174287448,2,0.0623215396142755,-0.291396634673172,-0.416039713901723
"WhiteRootClones","BRLVLS","PreGS",1978,-0.323542893286243,2,0.100348700669027,-0.223194192617216,-0.423891593955271
"WhiteRootClones","BRLVLS","PreGS",1981,-0.113049428031189,1,NA,NA,NA
"WhiteRootClones","BRLVLS","PreGS",1982,-0.13293028665466,3,0.100665589967752,-0.0322646966869074,-0.233595876622412
"WhiteRootClones","BRLVLS","PreGS",1983,0.0309489098111051,1,NA,NA,NA
"WhiteRootClones","BRLVLS","PreGS",1984,-0.25350788390325,2,0.021120096516705,-0.232387787386545,-0.274627980419955
"WhiteRootClones","BRLVLS","PreGS",1985,-0.222158024327112,1,NA,NA,NA
"WhiteRootClones","BRLVLS","PreGS",1987,0.127505349021249,1,NA,NA,NA
"WhiteRootClones","BRLVLS","PreGS",1988,-0.225543307069074,3,0.110466082834418,-0.115077224234656,-0.336009389903492
"WhiteRootClones","BRLVLS","PreGS",1989,0.0097818070288765,2,0.113289745428494,0.123071552457371,-0.103507938399618
"WhiteRootClones","BRLVLS","PreGS",1991,-0.122661868643067,16,0.0231476224121889,-0.0995142462308777,-0.145809491055256
"WhiteRootClones","BRLVLS","PreGS",1992,-0.15962144560509,23,0.0350483770308038,-0.124573068574286,-0.194669822635893
"WhiteRootClones","BRLVLS","PreGS",1993,-0.255231978635889,16,0.0412984477822173,-0.213933530853672,-0.296530426418106
"WhiteRootClones","BRLVLS","PreGS",1994,-0.0337670063747577,12,0.0531629294489504,0.0193959230741926,-0.0869299358237081
"WhiteRootClones","BRLVLS","PreGS",1995,-0.0938726647807724,23,0.0375702345908123,-0.0563024301899601,-0.131442899371585
"WhiteRootClones","BRLVLS","PreGS",1996,-0.244975054673069,34,0.0352289824658525,-0.209746072207217,-0.280204037138922
"WhiteRootClones","BRLVLS","PreGS",1997,-0.139714988515837,32,0.0379754021893871,-0.10173958632645,-0.177690390705224
"WhiteRootClones","BRLVLS","PreGS",1998,-0.124618319404527,19,0.0427047009108992,-0.081913618493628,-0.167323020315426
"WhiteRootClones","BRLVLS","PreGS",1999,-0.12406431509975,22,0.0435771377511948,-0.0804871773485557,-0.167641452850945
"WhiteRootClones","BRLVLS","PreGS",2000,-0.304756757839893,31,0.0400215839251478,-0.264735173914745,-0.344778341765041
"WhiteRootClones","BRLVLS","PreGS",2001,-0.142455008595485,42,0.0420867830755168,-0.100368225519968,-0.184541791671001
"WhiteRootClones","BRLVLS","PreGS",2002,-0.0918864629151096,21,0.0556917808035885,-0.0361946821115211,-0.147578243718698
"WhiteRootClones","BRLVLS","PreGS",2003,-0.162842003811813,25,0.0544517826721682,-0.108390221139645,-0.217293786483981
"WhiteRootClones","DM","GS",2013,0.204106793768887,1528,0.0761140794091344,0.280220873178022,0.127992714359753
"WhiteRootClones","DM","GS",2014,0.573052537610669,1516,0.05853715031458,0.631589687925249,0.514515387296089
"WhiteRootClones","DM","GS",2015,0.329655491337823,589,0.0934042989546262,0.42305979029245,0.236251192383197
"WhiteRootClones","DM","GS",2018,1.10362962495657,1935,0.0499599888743789,1.15358961383095,1.05366963608219
"WhiteRootClones","DM","PreGS",1973,0.735033851078134,5,0.638118534148744,1.37315238522688,0.0969153169293899
"WhiteRootClones","DM","PreGS",1974,1.01103144570026,5,0.551317764590395,1.56234921029066,0.459713681109867
"WhiteRootClones","DM","PreGS",1975,-4.1357494532413,1,NA,NA,NA
"WhiteRootClones","DM","PreGS",1976,-1.10506708978923,1,NA,NA,NA
"WhiteRootClones","DM","PreGS",1977,2.74716225995615,2,0.946898460678815,3.69406072063497,1.80026379927734
"WhiteRootClones","DM","PreGS",1978,2.05302385636785,2,1.75968025511968,3.81270411148753,0.293343601248176
"WhiteRootClones","DM","PreGS",1981,-1.33944037524522,1,NA,NA,NA
"WhiteRootClones","DM","PreGS",1982,-0.16605842904275,3,0.711550690359379,0.545492261316629,-0.877609119402129
"WhiteRootClones","DM","PreGS",1983,0.141557924017883,1,NA,NA,NA
"WhiteRootClones","DM","PreGS",1984,0.667760602753134,2,0.150595660385358,0.818356263138493,0.517164942367776
"WhiteRootClones","DM","PreGS",1985,0.255252269570138,1,NA,NA,NA
"WhiteRootClones","DM","PreGS",1987,5.32884081377287,1,NA,NA,NA
"WhiteRootClones","DM","PreGS",1988,-1.44378547776148,3,0.299254693516452,-1.14453078424503,-1.74304017127793
"WhiteRootClones","DM","PreGS",1989,-0.0931965638483699,2,1.65654253608718,1.56334597223881,-1.74973909993555
"WhiteRootClones","DM","PreGS",1991,0.254252547172,16,0.661539720282266,0.915792267454266,-0.407287173110265
"WhiteRootClones","DM","PreGS",1992,0.417393773169688,23,0.478353715890485,0.895747489060173,-0.0609599427207971
"WhiteRootClones","DM","PreGS",1993,0.730459427154121,16,0.6153506717965,1.34581009895062,0.115108755357621
"WhiteRootClones","DM","PreGS",1994,0.915257933725526,12,0.537392411772047,1.45265034549757,0.377865521953479
"WhiteRootClones","DM","PreGS",1995,0.132289553308544,23,0.492463408890919,0.624752962199462,-0.360173855582375
"WhiteRootClones","DM","PreGS",1996,0.708033163268414,34,0.3924888915738,1.10052205484221,0.315544271694615
"WhiteRootClones","DM","PreGS",1997,0.878335768577852,32,0.476854012183119,1.35518978076097,0.401481756394733
"WhiteRootClones","DM","PreGS",1998,0.0314509539450904,19,0.577381718336094,0.608832672281184,-0.545930764391003
"WhiteRootClones","DM","PreGS",1999,-0.0293628980638739,22,0.543692971508248,0.514330073444374,-0.573055869572122
"WhiteRootClones","DM","PreGS",2000,0.595447247585321,31,0.495784432172837,1.09123167975816,0.0996628154124842
"WhiteRootClones","DM","PreGS",2001,-0.163964771822774,42,0.384235343757432,0.220270571934658,-0.548200115580205
"WhiteRootClones","DM","PreGS",2002,0.870495231765282,21,0.424113174329958,1.29460840609524,0.446382057435323
"WhiteRootClones","DM","PreGS",2003,-0.790540927996325,25,0.69257298574031,-0.0979679422560158,-1.48311391373663
"WhiteRootClones","HI","GS",2013,-0.000469028946982003,1528,0.00121802405027853,0.000748995103296526,-0.00168705299726053
"WhiteRootClones","HI","GS",2014,0.00465287707817118,1516,0.00111773116761926,0.00577060824579044,0.00353514591055192
"WhiteRootClones","HI","GS",2015,0.0012846869411064,589,0.00176839021676675,0.00305307715787315,-0.000483703275660351
"WhiteRootClones","HI","GS",2018,0.0159517041248144,1935,0.000986911905071336,0.0169386160298858,0.0149647922197431
"WhiteRootClones","HI","PreGS",1973,-0.0104852950745013,5,0.0182194199207313,0.00773412484623005,-0.0287047149952326
"WhiteRootClones","HI","PreGS",1974,0.0149503165920708,5,0.0193642954377219,0.0343146120297926,-0.00441397884565108
"WhiteRootClones","HI","PreGS",1975,0.0280928256384961,1,NA,NA,NA
"WhiteRootClones","HI","PreGS",1976,-0.0403872990412908,1,NA,NA,NA
"WhiteRootClones","HI","PreGS",1977,0.027091240749449,2,0.0392522356378192,0.0663434763872682,-0.0121609948883702
"WhiteRootClones","HI","PreGS",1978,-0.0078650100720172,2,0.0137197578100823,0.0058547477380651,-0.0215847678820995
"WhiteRootClones","HI","PreGS",1981,0.0406107526402245,1,NA,NA,NA
"WhiteRootClones","HI","PreGS",1982,-0.0013503093548168,3,0.0148258808678434,0.0134755715130266,-0.0161761902226602
"WhiteRootClones","HI","PreGS",1983,-0.0188139748134486,1,NA,NA,NA
"WhiteRootClones","HI","PreGS",1984,0.0208581403574056,2,0.0245317957477124,0.045389936105118,-0.00367365539030671
"WhiteRootClones","HI","PreGS",1985,0.0483334907721486,1,NA,NA,NA
"WhiteRootClones","HI","PreGS",1987,-0.0236945262188459,1,NA,NA,NA
"WhiteRootClones","HI","PreGS",1988,0.0328972089823074,3,0.0331525261272517,0.0660497351095591,-0.000255317144944228
"WhiteRootClones","HI","PreGS",1989,0.0185985679039594,2,0.0149174165568811,0.0335159844608405,0.00368115134707827
"WhiteRootClones","HI","PreGS",1991,-0.00284002282201054,16,0.0115062847345649,0.00866626191255434,-0.0143463075565754
"WhiteRootClones","HI","PreGS",1992,0.0160402938305709,23,0.00774144158811382,0.0237817354186847,0.00829885224245704
"WhiteRootClones","HI","PreGS",1993,0.0169132595887899,16,0.0106441569297178,0.0275574165185077,0.00626910265907204
"WhiteRootClones","HI","PreGS",1994,0.0227586832600997,12,0.0103668605649817,0.0331255438250814,0.012391822695118
"WhiteRootClones","HI","PreGS",1995,0.0197959072395707,23,0.00693819100841395,0.0267340982479846,0.0128577162311567
"WhiteRootClones","HI","PreGS",1996,0.00447364171326471,34,0.00666437193889877,0.0111380136521635,-0.00219073022563406
"WhiteRootClones","HI","PreGS",1997,-0.00235824031363869,32,0.00657139194502405,0.00421315163138535,-0.00892963225866274
"WhiteRootClones","HI","PreGS",1998,0.0158458643695153,19,0.0086316374301396,0.0244775017996549,0.00721422693937573
"WhiteRootClones","HI","PreGS",1999,0.0157919547552659,22,0.00760396104217214,0.023395915797438,0.00818799371309374
"WhiteRootClones","HI","PreGS",2000,0.0390711717972919,31,0.0063517352325548,0.0454229070298467,0.0327194365647371
"WhiteRootClones","HI","PreGS",2001,0.0097909164526913,42,0.00601943442789148,0.0158103508805828,0.00377148202479982
"WhiteRootClones","HI","PreGS",2002,0.0157730475768581,21,0.0110579289042741,0.0268309764811322,0.00471511867258401
"WhiteRootClones","HI","PreGS",2003,0.0287051267282349,25,0.009992339284968,0.0386974660132029,0.0187127874432669
"WhiteRootClones","logDYLD","GS",2013,-0.0107031302016917,1528,0.0039640352542794,-0.00673909494741234,-0.0146671654559711
"WhiteRootClones","logDYLD","GS",2014,0.0240174569468693,1516,0.00332626357635344,0.0273437205232228,0.0206911933705159
"WhiteRootClones","logDYLD","GS",2015,0.015325020290148,589,0.00564059146736804,0.0209656117575161,0.00968442882277998
"WhiteRootClones","logDYLD","GS",2018,0.074360564615734,1935,0.00256054704493883,0.0769211116606729,0.0718000175707952
"WhiteRootClones","logDYLD","PreGS",1973,0.0281049062757093,5,0.0624631567202682,0.0905680629959774,-0.0343582504445589
"WhiteRootClones","logDYLD","PreGS",1974,0.0745499254149626,5,0.0764442631333889,0.150994188548351,-0.00189433771842629
"WhiteRootClones","logDYLD","PreGS",1975,0.0648449557447844,1,NA,NA,NA
"WhiteRootClones","logDYLD","PreGS",1976,-0.158631268812659,1,NA,NA,NA
"WhiteRootClones","logDYLD","PreGS",1977,0.0262198111970495,2,0.0467658878846914,0.0729856990817409,-0.0205460766876419
"WhiteRootClones","logDYLD","PreGS",1978,-0.0541592103039733,2,0.0002743197012335,-0.0538848906027398,-0.0544335300052068
"WhiteRootClones","logDYLD","PreGS",1981,0.0995138001767122,1,NA,NA,NA
"WhiteRootClones","logDYLD","PreGS",1982,0.142666773439722,3,0.00966741480830132,0.152334188248024,0.132999358631421
"WhiteRootClones","logDYLD","PreGS",1983,0.0174531959726079,1,NA,NA,NA
"WhiteRootClones","logDYLD","PreGS",1984,0.1245025211229,2,0.119272308529523,0.243774829652423,0.00523021259337762
"WhiteRootClones","logDYLD","PreGS",1985,0.157564467212918,1,NA,NA,NA
"WhiteRootClones","logDYLD","PreGS",1987,0.109075669819936,1,NA,NA,NA
"WhiteRootClones","logDYLD","PreGS",1988,0.0220793174397889,3,0.124430234708839,0.146509552148628,-0.10235091726905
"WhiteRootClones","logDYLD","PreGS",1989,-0.0471378248156306,2,0.0258251479452274,-0.0213126768704031,-0.072962972760858
"WhiteRootClones","logDYLD","PreGS",1991,0.0462348731964997,16,0.0193496677094526,0.0655845409059523,0.0268852054870471
"WhiteRootClones","logDYLD","PreGS",1992,0.0978833816427458,23,0.021218243280465,0.119101624923211,0.0766651383622808
"WhiteRootClones","logDYLD","PreGS",1993,0.0659084651163746,16,0.0300928423939143,0.0960013075102889,0.0358156227224602
"WhiteRootClones","logDYLD","PreGS",1994,0.145040351355972,12,0.0297716838721919,0.174812035228164,0.11526866748378
"WhiteRootClones","logDYLD","PreGS",1995,0.104944739348564,23,0.0223993966008536,0.127344135949417,0.0825453427477099
"WhiteRootClones","logDYLD","PreGS",1996,0.0785020328439344,34,0.0187550068522931,0.0972570396962275,0.0597470259916413
"WhiteRootClones","logDYLD","PreGS",1997,0.055829332626738,32,0.0191789155373009,0.0750082481640389,0.0366504170894371
"WhiteRootClones","logDYLD","PreGS",1998,0.0750469461650076,19,0.0290583302607046,0.104105276425712,0.045988615904303
"WhiteRootClones","logDYLD","PreGS",1999,0.103295627621442,22,0.0194255744580599,0.122721202079502,0.0838700531633825
"WhiteRootClones","logDYLD","PreGS",2000,0.105091377153253,31,0.0182077983723336,0.123299175525586,0.0868835787809192
"WhiteRootClones","logDYLD","PreGS",2001,0.0704380318423963,42,0.0183975298139271,0.0888355616563234,0.0520405020284693
"WhiteRootClones","logDYLD","PreGS",2002,0.136295236528981,21,0.0202965969445689,0.15659183347355,0.115998639584412
"WhiteRootClones","logDYLD","PreGS",2003,0.0321096131812147,25,0.0292686122631557,0.0613782254443704,0.00284100091805902
"WhiteRootClones","logFYLD","GS",2013,-0.0299362945114841,1528,0.00514938255425016,-0.024786911957234,-0.0350856770657343
"WhiteRootClones","logFYLD","GS",2014,-0.0175312538256863,1516,0.00451017752785342,-0.0130210762978328,-0.0220414313535397
"WhiteRootClones","logFYLD","GS",2015,-0.0325752122229212,589,0.00806205578745351,-0.0245131564354677,-0.0406372680103747
"WhiteRootClones","logFYLD","GS",2018,0.0679303334781668,1935,0.00367555414997125,0.071605887628138,0.0642547793281956
"WhiteRootClones","logFYLD","PreGS",1973,0.0177645436893074,5,0.112043072176825,0.129807615866133,-0.094278528487518
"WhiteRootClones","logFYLD","PreGS",1974,0.125126488143161,5,0.082912757609067,0.208039245752228,0.042213730534094
"WhiteRootClones","logFYLD","PreGS",1975,0.146080304054859,1,NA,NA,NA
"WhiteRootClones","logFYLD","PreGS",1976,-0.157512029180258,1,NA,NA,NA
"WhiteRootClones","logFYLD","PreGS",1977,-0.0436360898561742,2,0.0305311594327844,-0.0131049304233898,-0.0741672492889586
"WhiteRootClones","logFYLD","PreGS",1978,-0.114586627238972,2,0.014512721384255,-0.100073905854717,-0.129099348623227
"WhiteRootClones","logFYLD","PreGS",1981,0.215730100377654,1,NA,NA,NA
"WhiteRootClones","logFYLD","PreGS",1982,0.210934015887174,3,0.0257408897502006,0.236674905637375,0.185193126136973
"WhiteRootClones","logFYLD","PreGS",1983,0.109446648393495,1,NA,NA,NA
"WhiteRootClones","logFYLD","PreGS",1984,0.191238553515053,2,0.107114027500752,0.298352581015805,0.0841245260143015
"WhiteRootClones","logFYLD","PreGS",1985,0.160507731793917,1,NA,NA,NA
"WhiteRootClones","logFYLD","PreGS",1987,0.0661681390116581,1,NA,NA,NA
"WhiteRootClones","logFYLD","PreGS",1988,0.0922725706512063,3,0.170488278184475,0.262760848835681,-0.0782157075332685
"WhiteRootClones","logFYLD","PreGS",1989,-0.109937660652948,2,0.0503240320358052,-0.0596136286171426,-0.160261692688753
"WhiteRootClones","logFYLD","PreGS",1991,0.18070963047409,16,0.0259629973557139,0.206672627829804,0.154746633118376
"WhiteRootClones","logFYLD","PreGS",1992,0.181955743344435,23,0.0226896967783475,0.204645440122782,0.159266046566087
"WhiteRootClones","logFYLD","PreGS",1993,0.117431469853105,16,0.0457985285104055,0.163229998363511,0.0716329413426997
"WhiteRootClones","logFYLD","PreGS",1994,0.218552280293776,12,0.0451473698971653,0.263699650190941,0.17340491039661
"WhiteRootClones","logFYLD","PreGS",1995,0.188755167336022,23,0.0278758341479219,0.216631001483944,0.160879333188101
"WhiteRootClones","logFYLD","PreGS",1996,0.184768813566703,34,0.0238611079407418,0.208629921507445,0.160907705625961
"WhiteRootClones","logFYLD","PreGS",1997,0.115414323709059,32,0.0272083634219739,0.142622687131033,0.0882059602870848
"WhiteRootClones","logFYLD","PreGS",1998,0.185409964876757,19,0.0311728066772936,0.216582771554051,0.154237158199464
"WhiteRootClones","logFYLD","PreGS",1999,0.222422498362781,22,0.0271025615474211,0.249525059910202,0.19531993681536
"WhiteRootClones","logFYLD","PreGS",2000,0.22807804953954,31,0.0237928458234019,0.251870895362942,0.204285203716138
"WhiteRootClones","logFYLD","PreGS",2001,0.151019943774947,42,0.0246731464543193,0.175693090229267,0.126346797320628
"WhiteRootClones","logFYLD","PreGS",2002,0.228409835639818,21,0.0327595680453755,0.261169403685194,0.195650267594443
"WhiteRootClones","logFYLD","PreGS",2003,0.134091860691863,25,0.0367380798900284,0.170829940581891,0.0973537808018341
"WhiteRootClones","logTOPYLD","GS",2013,-0.0300854676401887,1528,0.00407514116132877,-0.0260103264788599,-0.0341606088015174
"WhiteRootClones","logTOPYLD","GS",2014,-0.0279518355421568,1516,0.00361771231686027,-0.0243341232252966,-0.0315695478590171
"WhiteRootClones","logTOPYLD","GS",2015,-0.0234906041288278,589,0.00641013688015101,-0.0170804672486768,-0.0299007410089788
"WhiteRootClones","logTOPYLD","GS",2018,0.0132526042819648,1935,0.00321616355523003,0.0164687678371948,0.0100364407267347
"WhiteRootClones","logTOPYLD","PreGS",1973,0.00410428993382059,5,0.0866649807897839,0.0907692707236045,-0.0825606908559633
"WhiteRootClones","logTOPYLD","PreGS",1974,-0.0167955390795888,5,0.053277236881328,0.0364816978017393,-0.0700727759609168
"WhiteRootClones","logTOPYLD","PreGS",1975,0.0885704551834744,1,NA,NA,NA
"WhiteRootClones","logTOPYLD","PreGS",1976,-0.0477258208390353,1,NA,NA,NA
"WhiteRootClones","logTOPYLD","PreGS",1977,-0.170080346166204,2,0.11667428546491,-0.0534060607012937,-0.286754631631114
"WhiteRootClones","logTOPYLD","PreGS",1978,-0.0535502727796767,2,0.0232890585398686,-0.0302612142398081,-0.0768393313195453
"WhiteRootClones","logTOPYLD","PreGS",1981,0.0917133882691729,1,NA,NA,NA
"WhiteRootClones","logTOPYLD","PreGS",1982,0.185432898662404,3,0.0164422231348501,0.201875121797254,0.168990675527554
"WhiteRootClones","logTOPYLD","PreGS",1983,0.0901186524600609,1,NA,NA,NA
"WhiteRootClones","logTOPYLD","PreGS",1984,0.0348455287020309,2,0.0241117677064984,0.0589572964085293,0.0107337609955324
"WhiteRootClones","logTOPYLD","PreGS",1985,-0.0432344167891731,1,NA,NA,NA
"WhiteRootClones","logTOPYLD","PreGS",1987,0.0476500342307808,1,NA,NA,NA
"WhiteRootClones","logTOPYLD","PreGS",1988,-0.0270497131401047,3,0.0685465331390301,0.0414968199989254,-0.0955962462791348
"WhiteRootClones","logTOPYLD","PreGS",1989,-0.188136680630155,2,0.010258658144138,-0.177878022486017,-0.198395338774293
"WhiteRootClones","logTOPYLD","PreGS",1991,0.143439482750349,16,0.0452188818783973,0.188658364628746,0.0982206008719517
"WhiteRootClones","logTOPYLD","PreGS",1992,0.101222749167653,23,0.023662990051705,0.124885739219358,0.0775597591159479
"WhiteRootClones","logTOPYLD","PreGS",1993,0.00880506353092776,16,0.0239209396379506,0.0327260031688784,-0.0151158761070228
"WhiteRootClones","logTOPYLD","PreGS",1994,0.105767223736152,12,0.0311316722282557,0.136898895964408,0.0746355515078961
"WhiteRootClones","logTOPYLD","PreGS",1995,0.0992859747394029,23,0.0303751984226037,0.129661173162007,0.0689107763167993
"WhiteRootClones","logTOPYLD","PreGS",1996,0.140507441128465,34,0.0221734940703323,0.162680935198798,0.118333947058133
"WhiteRootClones","logTOPYLD","PreGS",1997,0.0952015227632527,32,0.0198336291612718,0.115035151924525,0.0753678936019809
"WhiteRootClones","logTOPYLD","PreGS",1998,0.0827808667377697,19,0.0288911482319412,0.111672014969711,0.0538897185058285
"WhiteRootClones","logTOPYLD","PreGS",1999,0.123021106557033,22,0.0214648187429401,0.144485925299973,0.101556287814093
"WhiteRootClones","logTOPYLD","PreGS",2000,0.0450914063052819,31,0.0240274102311785,0.0691188165364604,0.0210639960741034
"WhiteRootClones","logTOPYLD","PreGS",2001,0.102680679485467,42,0.0177413297750806,0.120422009260548,0.0849393497103864
"WhiteRootClones","logTOPYLD","PreGS",2002,0.128640533836259,21,0.0267154605055654,0.155355994341824,0.101925073330693
"WhiteRootClones","logTOPYLD","PreGS",2003,0.0201888661704494,25,0.028037095177157,0.0482259613476064,-0.00784822900670758
"WhiteRootClones","MCMDS","GS",2013,0.140431969269899,1528,0.013957528526176,0.154389497796075,0.126474440743723
"WhiteRootClones","MCMDS","GS",2014,-0.00503922661357677,1516,0.0111220400843277,0.00608281347075096,-0.0161612666979045
"WhiteRootClones","MCMDS","GS",2015,-0.0526844411014495,589,0.0178871788921976,-0.0347972622092519,-0.0705716199936471
"WhiteRootClones","MCMDS","GS",2018,-0.110790878275502,1935,0.00796939985525133,-0.102821478420251,-0.118760278130754
"WhiteRootClones","MCMDS","PreGS",1973,0.575837886582628,5,0.206197114535549,0.782035001118176,0.369640772047079
"WhiteRootClones","MCMDS","PreGS",1974,0.621139235968796,5,0.0918977128828585,0.713036948851655,0.529241523085938
"WhiteRootClones","MCMDS","PreGS",1975,0.470481508366993,1,NA,NA,NA
"WhiteRootClones","MCMDS","PreGS",1976,0.511263695730052,1,NA,NA,NA
"WhiteRootClones","MCMDS","PreGS",1977,0.739095503084602,2,0.082749755568192,0.821845258652794,0.65634574751641
"WhiteRootClones","MCMDS","PreGS",1978,-0.1630933371731,2,0.264067056948097,0.100973719774997,-0.427160394121197
"WhiteRootClones","MCMDS","PreGS",1981,0.278141178884568,1,NA,NA,NA
"WhiteRootClones","MCMDS","PreGS",1982,0.206863675087004,3,0.0642339888594946,0.271097663946499,0.14262968622751
"WhiteRootClones","MCMDS","PreGS",1983,0.242716878001302,1,NA,NA,NA
"WhiteRootClones","MCMDS","PreGS",1984,0.596982434745942,2,0.202015908952832,0.798998343698774,0.39496652579311
"WhiteRootClones","MCMDS","PreGS",1985,0.737001871474458,1,NA,NA,NA
"WhiteRootClones","MCMDS","PreGS",1987,0.259274159824215,1,NA,NA,NA
"WhiteRootClones","MCMDS","PreGS",1988,0.354211127100601,3,0.265479699038499,0.6196908261391,0.0887314280621023
"WhiteRootClones","MCMDS","PreGS",1989,0.665919439799558,2,0.271096440175279,0.937015879974837,0.39482299962428
"WhiteRootClones","MCMDS","PreGS",1991,0.332789376197351,16,0.0952063879801911,0.427995764177542,0.23758298821716
"WhiteRootClones","MCMDS","PreGS",1992,-0.0877030679742143,23,0.0597827334863084,-0.0279203344879059,-0.147485801460523
"WhiteRootClones","MCMDS","PreGS",1993,0.114615528756545,16,0.0972607602813165,0.211876289037862,0.0173547684752289
"WhiteRootClones","MCMDS","PreGS",1994,-0.102100934439279,12,0.0934872017238676,-0.00861373271541178,-0.195588136163147
"WhiteRootClones","MCMDS","PreGS",1995,-0.202030137682147,23,0.0693500212030428,-0.132680116479104,-0.271380158885189
"WhiteRootClones","MCMDS","PreGS",1996,-0.229933153654412,34,0.0448168848424821,-0.18511626881193,-0.274750038496894
"WhiteRootClones","MCMDS","PreGS",1997,-0.207651235414702,32,0.0673799139383292,-0.140271321476373,-0.275031149353031
"WhiteRootClones","MCMDS","PreGS",1998,-0.0427513841523616,19,0.0817643925797505,0.0390130084273889,-0.124515776732112
"WhiteRootClones","MCMDS","PreGS",1999,-0.0335680125799257,22,0.0733538032051273,0.0397857906252016,-0.106921815785053
"WhiteRootClones","MCMDS","PreGS",2000,-0.248560441278729,31,0.059732422609443,-0.188828018669286,-0.308292863888172
"WhiteRootClones","MCMDS","PreGS",2001,-0.117252925517751,42,0.0630463215543018,-0.0542066039634494,-0.180299247072053
"WhiteRootClones","MCMDS","PreGS",2002,-0.236713440814585,21,0.049171361311133,-0.187542079503452,-0.285884802125718
"WhiteRootClones","MCMDS","PreGS",2003,0.16146622303901,25,0.0978622003783403,0.25932842341735,0.0636040226606695
